Workbook

Sheet Voucher Info
A1: Specimen Info Metadata
A2: Sample ID | B2: Field ID | C2: Museum ID | D2: Collection Code | E2: Institution Storing
A3: KBIMP_01_A1 | B3: CBAY0037 | E3: Centre for Biodiversity Genomics
A4: KBIMP_01_A2 | B4: CBAY0037 | E4: Centre for Biodiversity Genomics
A5: KBIMP_01_A3 | B5: CBAY0037 | E5: Centre for Biodiversity Genomics
A6: KBIMP_01_A4 | B6: CBAY0037 | E6: Centre for Biodiversity Genomics
A7: KBIMP_01_A5 | B7: CBAY0037 | E7: Centre for Biodiversity Genomics
A8: KBIMP_01_A6 | B8: CBAY0037 | E8: Centre for Biodiversity Genomics
A9: KBIMP_01_A7 | B9: CBAY0037 | E9: Centre for Biodiversity Genomics
A10: KBIMP_01_A8 | B10: CBAY0037 | E10: Centre for Biodiversity Genomics
A11: KBIMP_01_A9 | B11: CBAY0037 | E11: Centre for Biodiversity Genomics
A12: KBIMP_01_A10 | B12: CBAY0037 | E12: Centre for Biodiversity Genomics
A13: KBIMP_01_A11 | B13: CBAY0037 | E13: Centre for Biodiversity Genomics
A14: KBIMP_01_A12 | B14: CBAY0037 | E14: Centre for Biodiversity Genomics
... A550: KBIMP-_006_G1 | B550: CBAY0055 | E550: Centre for Biodiversity Genomics
A551: KBIMP-_006_G2
A552: KBIMP-_006_G3
A553: KBIMP-_006_G4
A554: KBIMP-_006_G5
A555: KBIMP-_006_G6
A556: KBIMP-_006_G7
A557: KBIMP-_006_G8
A559: KBIMP-_007_A1 | B559: KGLTK0048 | E559: Centre for Biodiversity Genomics
A560: KBIMP-_007_A2 | B560: KGLTK0048 | E560: Centre for Biodiversity Genomics
A561: KBIMP-_007_A3 | B561: KGLTK0032 | E561: Centre for Biodiversity Genomics
A562: KBIMP-_007_A4 | B562: KGLTK0032 | E562: Centre for Biodiversity Genomics
A563: KBIMP-_007_A5 | B563: KGLTK0032 | E563: Centre for Biodiversity Genomics
A564: KBIMP-_007_A6 | B564: KGLTK0032 | E564: Centre for Biodiversity Genomics
A565: KBIMP-_007_A7 | B565: KGLTK0032 | E565: Centre for Biodiversity Genomics
A566: KBIMP-_007_A8 | B566: KGLTK0032 | E566: Centre for Biodiversity Genomics
A567: KBIMP-_007_A9 | B567: KGLTK0032 | E567: Centre for Biodiversity Genomics
A568: KBIMP-_007_A10 | B568: KGLTK0032 | E568: Centre for Biodiversity Genomics
A569: KBIMP-_007_A11 | B569: KGLTK0015 | E569: Centre for Biodiversity Genomics
A570: KBIMP-_007_A12 | B570: KGLTK0015 | E570: Centre for Biodiversity Genomics
... A653: KBIMP-_007_H11 | B653: KGLTK0019 | E653: Centre for Biodiversity Genomics
A654: KBIMP-_007_H12 | B654: control
A655: KBIMP-_008_A1 | B655: KGLTK0019 | E655: Centre for Biodiversity Genomics
A656: KBIMP-_008_A2 | B656: KGLTK0019 | E656: Centre for Biodiversity Genomics
A657: KBIMP-_008_A3 | B657: KGLTK0019 | E657: Centre for Biodiversity Genomics
A658: KBIMP-_008_A4 | B658: KGLTK0019 | E658: Centre for Biodiversity Genomics
A659: KBIMP-_008_A5 | B659: KGLTK0019 | E659: Centre for Biodiversity Genomics
A660: KBIMP-_008_A6 | B660: KGLTK0019 | E660: Centre for Biodiversity Genomics
A661: KBIMP-_008_A7 | B661: KGLTK0019 | E661: Centre for Biodiversity Genomics
A662: KBIMP-_008_A8 | B662: KGLTK0019 | E662: Centre for Biodiversity Genomics
A663: KBIMP-_008_A9 | B663: KGLTK0036 | E663: Centre for Biodiversity Genomics
A664: KBIMP-_008_A10 | B664: KGLTK0036 | E664: Centre for Biodiversity Genomics
A665: KBIMP-_008_A11 | B665: KGLTK0036 | E665: Centre for Biodiversity Genomics
A666: KBIMP-_008_A12 | B666: KGLTK0036 | E666: Centre for Biodiversity Genomics
... A719: KBIMP-_008_F5 | B719: KGLTK0008 | E719: Centre for Biodiversity Genomics
A720: KBIMP-_008_F6
A721: KBIMP-_008_F7
A722: KBIMP-_008_F8
A723: KBIMP-_008_F9
A724: KBIMP-_008_F10
A725: KBIMP-_008_F11
A726: KBIMP-_008_F12

Sheet Taxonomy
A1: Taxonomy Metadata | M1: Extended Fields (BOLD 3.1)
A2: Sample ID | B2: Phylum | C2: Class | D2: Order | E2: Family | F2: Subfamily | G2: Tribe | H2: Genus | I2: Species | J2: Subspecies | K2: Identifier | L2: Identifier Email | M2: Identification Method | N2: Taxonomy Notes
A3: =IF(ISBLANK('Voucher Info'!A3),"",'Voucher Info'!A3) -> KBIMP_01_A1 | B3: Arthropoda | C3: Insecta | D3: Diptera | E3: Simuliidae | K3: Olivia Colman/Shauna Dowratzek | L3: sdworatz@uoguelph.ca
A4: =IF(ISBLANK('Voucher Info'!A4),"",'Voucher Info'!A4) -> KBIMP_01_A2 | B4: Arthropoda | C4: Insecta | D4: Diptera | E4: Simuliidae | K4: Olivia Colman/Shauna Dowratzek | L4: sdworatz@uoguelph.ca
A5: =IF(ISBLANK('Voucher Info'!A5),"",'Voucher Info'!A5) -> KBIMP_01_A3 | B5: Arthropoda | C5: Insecta | D5: Diptera | E5: Simuliidae | K5: Olivia Colman/Shauna Dowratzek | L5: sdworatz@uoguelph.ca
A6: =IF(ISBLANK('Voucher Info'!A6),"",'Voucher Info'!A6) -> KBIMP_01_A4 | B6: Arthropoda | C6: Insecta | D6: Diptera | E6: Simuliidae | K6: Olivia Colman/Shauna Dowratzek | L6: sdworatz@uoguelph.ca
A7: =IF(ISBLANK('Voucher Info'!A7),"",'Voucher Info'!A7) -> KBIMP_01_A5 | B7: Arthropoda | C7: Insecta | D7: Diptera | E7: Simuliidae | K7: Olivia Colman/Shauna Dowratzek | L7: sdworatz@uoguelph.ca
A8: =IF(ISBLANK('Voucher Info'!A8),"",'Voucher Info'!A8) -> KBIMP_01_A6 | B8: Arthropoda | C8: Insecta | D8: Diptera | E8: Simuliidae | K8: Olivia Colman/Shauna Dowratzek | L8: sdworatz@uoguelph.ca
A9: =IF(ISBLANK('Voucher Info'!A9),"",'Voucher Info'!A9) -> KBIMP_01_A7 | B9: Arthropoda | C9: Insecta | D9: Diptera | E9: Simuliidae | K9: Olivia Colman/Shauna Dowratzek | L9: sdworatz@uoguelph.ca
A10: =IF(ISBLANK('Voucher Info'!A10),"",'Voucher Info'!A10) -> KBIMP_01_A8 | B10: Arthropoda | C10: Insecta | D10: Diptera | E10: Simuliidae | K10: Olivia Colman/Shauna Dowratzek | L10: sdworatz@uoguelph.ca
A11: =IF(ISBLANK('Voucher Info'!A11),"",'Voucher Info'!A11) -> KBIMP_01_A9 | B11: Arthropoda | C11: Insecta | D11: Diptera | E11: Simuliidae | K11: Olivia Colman/Shauna Dowratzek | L11: sdworatz@uoguelph.ca
A12: =IF(ISBLANK('Voucher Info'!A12),"",'Voucher Info'!A12) -> KBIMP_01_A10 | B12: Arthropoda | C12: Insecta | D12: Diptera | E12: Simuliidae | K12: Olivia Colman/Shauna Dowratzek | L12: sdworatz@uoguelph.ca
A13: =IF(ISBLANK('Voucher Info'!A13),"",'Voucher Info'!A13) -> KBIMP_01_A11 | B13: Arthropoda | C13: Insecta | D13: Diptera | E13: Simuliidae | K13: Olivia Colman/Shauna Dowratzek | L13: sdworatz@uoguelph.ca
A14: =IF(ISBLANK('Voucher Info'!A14),"",'Voucher Info'!A14) -> KBIMP_01_A12 | B14: Arthropoda | C14: Insecta | D14: Diptera | E14: Simuliidae | K14: Olivia Colman/Shauna Dowratzek | L14: sdworatz@uoguelph.ca
... A550: =IF(ISBLANK('Voucher Info'!A550),"",'Voucher Info'!A550) -> KBIMP-_006_G1 | B550: Arthropoda | C550: Insecta | D550: Diptera | E550: Culicidae | K550: Olivia Colman/Shauna Dowratzek | L550: sdworatz@uoguelph.ca
A551: =IF(ISBLANK('Voucher Info'!A551),"",'Voucher Info'!A551) -> KBIMP-_006_G2
A552: =IF(ISBLANK('Voucher Info'!A552),"",'Voucher Info'!A552) -> KBIMP-_006_G3
A553: =IF(ISBLANK('Voucher Info'!A553),"",'Voucher Info'!A553) -> KBIMP-_006_G4
A554: =IF(ISBLANK('Voucher Info'!A554),"",'Voucher Info'!A554) -> KBIMP-_006_G5
A555: =IF(ISBLANK('Voucher Info'!A555),"",'Voucher Info'!A555) -> KBIMP-_006_G6
A556: =IF(ISBLANK('Voucher Info'!A556),"",'Voucher Info'!A556) -> KBIMP-_006_G7
A557: =IF(ISBLANK('Voucher Info'!A557),"",'Voucher Info'!A557) -> KBIMP-_006_G8
A558: =IF(ISBLANK('Voucher Info'!A559),"",'Voucher Info'!A559) -> KBIMP-_007_A1 | B558: Arthropoda | C558: Insecta | D558: Diptera | E558: Simuliidae | K558: Shauna | L558: sdworatz@uoguelph.ca
A559: =IF(ISBLANK('Voucher Info'!A560),"",'Voucher Info'!A560) -> KBIMP-_007_A2 | B559: Arthropoda | C559: Insecta | D559: Diptera | E559: Simuliidae | K559: Shauna | L559: sdworatz@uoguelph.ca
A560: =IF(ISBLANK('Voucher Info'!A561),"",'Voucher Info'!A561) -> KBIMP-_007_A3 | B560: Arthropoda | C560: Insecta | D560: Diptera | E560: Culicidae | K560: Shauna | L560: sdworatz@uoguelph.ca
A561: =IF(ISBLANK('Voucher Info'!A562),"",'Voucher Info'!A562) -> KBIMP-_007_A4 | B561: Arthropoda | C561: Insecta | D561: Diptera | E561: Culicidae | K561: Shauna | L561: sdworatz@uoguelph.ca
A562: =IF(ISBLANK('Voucher Info'!A563),"",'Voucher Info'!A563) -> KBIMP-_007_A5 | B562: Arthropoda | C562: Insecta | D562: Diptera | E562: Culicidae | K562: Shauna | L562: sdworatz@uoguelph.ca
A563: =IF(ISBLANK('Voucher Info'!A564),"",'Voucher Info'!A564) -> KBIMP-_007_A6 | B563: Arthropoda | C563: Insecta | D563: Diptera | E563: Simuliidae | K563: Shauna | L563: sdworatz@uoguelph.ca
A564: =IF(ISBLANK('Voucher Info'!A565),"",'Voucher Info'!A565) -> KBIMP-_007_A7 | B564: Arthropoda | C564: Insecta | D564: Diptera | E564: Simuliidae | K564: Shauna | L564: sdworatz@uoguelph.ca
A565: =IF(ISBLANK('Voucher Info'!A566),"",'Voucher Info'!A566) -> KBIMP-_007_A8 | B565: Arthropoda | C565: Insecta | D565: Diptera | E565: Simuliidae | K565: Shauna | L565: sdworatz@uoguelph.ca
A566: =IF(ISBLANK('Voucher Info'!A567),"",'Voucher Info'!A567) -> KBIMP-_007_A9 | B566: Arthropoda | C566: Insecta | D566: Diptera | E566: Simuliidae | K566: Shauna | L566: sdworatz@uoguelph.ca
A567: =IF(ISBLANK('Voucher Info'!A568),"",'Voucher Info'!A568) -> KBIMP-_007_A10 | B567: Arthropoda | C567: Insecta | D567: Diptera | E567: Simuliidae | K567: Shauna | L567: sdworatz@uoguelph.ca
A568: =IF(ISBLANK('Voucher Info'!A569),"",'Voucher Info'!A569) -> KBIMP-_007_A11 | B568: Arthropoda | C568: Insecta | D568: Diptera | E568: Culicidae | K568: Shauna | L568: sdworatz@uoguelph.ca
A569: =IF(ISBLANK('Voucher Info'!A570),"",'Voucher Info'!A570) -> KBIMP-_007_A12 | B569: Arthropoda | C569: Insecta | D569: Diptera | E569: Culicidae | K569: Shauna | L569: sdworatz@uoguelph.ca
... A594: =IF(ISBLANK('Voucher Info'!A595),"",'Voucher Info'!A595) -> KBIMP-_007_D1 | B594: Arthropoda | C594: Insecta | D594: Diptera | E594: Simuliidae | K594: Shauna | L594: sdworatz@uoguelph.ca
A595: KBIMP-_007_D2 | B595: Arthropoda | C595: Insecta | D595: Diptera | E595: Culicidae | K595: Shauna | L595: sdworatz@uoguelph.ca
A596: KBIMP-_007_D3 | B596: Arthropoda | C596: Insecta | D596: Diptera | E596: Culicidae | K596: Shauna | L596: sdworatz@uoguelph.ca
A597: KBIMP-_007_D4 | B597: Arthropoda | C597: Insecta | D597: Diptera | E597: Simuliidae | K597: Shauna | L597: sdworatz@uoguelph.ca
A598: KBIMP-_007_D5 | B598: Arthropoda | C598: Insecta | D598: Diptera | E598: Simuliidae | K598: Shauna | L598: sdworatz@uoguelph.ca
A599: KBIMP-_007_D6 | B599: Arthropoda | C599: Insecta | D599: Diptera | E599: Simuliidae | K599: Shauna | L599: sdworatz@uoguelph.ca
A600: KBIMP-_007_D7 | B600: Arthropoda | C600: Insecta | D600: Diptera | E600: Simuliidae | K600: Shauna | L600: sdworatz@uoguelph.ca
A601: KBIMP-_007_D8 | B601: Arthropoda | C601: Insecta | D601: Diptera | E601: Simuliidae | K601: Shauna | L601: sdworatz@uoguelph.ca
A602: KBIMP-_007_D9 | B602: Arthropoda | C602: Insecta | D602: Diptera | E602: Simuliidae | K602: Shauna | L602: sdworatz@uoguelph.ca
A603: KBIMP-_007_D10 | B603: Arthropoda | C603: Insecta | D603: Diptera | E603: Simuliidae | K603: Shauna | L603: sdworatz@uoguelph.ca
A604: KBIMP-_007_D11 | B604: Arthropoda | C604: Insecta | D604: Diptera | E604: Simuliidae | K604: Shauna | L604: sdworatz@uoguelph.ca
A605: KBIMP-_007_D12 | B605: Arthropoda | C605: Insecta | D605: Diptera | E605: Simuliidae | K605: Shauna | L605: sdworatz@uoguelph.ca
A606: KBIMP-_007_E1 | B606: Arthropoda | C606: Insecta | D606: Diptera | E606: Simuliidae | K606: Shauna | L606: sdworatz@uoguelph.ca
... A611: KBIMP-_007_E6 | B611: Arthropoda | C611: Insecta | D611: Diptera | E611: Simuliidae | K611: Shauna | L611: sdworatz@uoguelph.ca
A612: KBIMP-_007_E7 | B612: Arthropoda | C612: Insecta | D612: Diptera | E612: Culicidae | K612: Shauna
A613: KBIMP-_007_E8 | B613: Arthropoda | C613: Insecta | D613: Diptera | E613: Simuliidae | K613: Shauna | L613: sdworatz@uoguelph.ca
A614: KBIMP-_007_E9 | B614: Arthropoda | C614: Insecta | D614: Diptera | E614: Simuliidae | K614: Shauna | L614: sdworatz@uoguelph.ca
A615: KBIMP-_007_E10 | B615: Arthropoda | C615: Insecta | D615: Diptera | E615: Simuliidae | K615: Shauna | L615: sdworatz@uoguelph.ca
A616: KBIMP-_007_E11 | B616: Arthropoda | C616: Insecta | D616: Diptera | E616: Simuliidae | K616: Shauna | L616: sdworatz@uoguelph.ca
A617: KBIMP-_007_E12 | B617: Arthropoda | C617: Insecta | D617: Diptera | E617: Simuliidae | K617: Shauna | L617: sdworatz@uoguelph.ca
A618: KBIMP-_007_F1 | B618: Arthropoda | C618: Insecta | D618: Diptera | E618: Simuliidae | K618: Shauna | L618: sdworatz@uoguelph.ca
A619: KBIMP-_007_F2 | B619: Arthropoda | C619: Insecta | D619: Diptera | E619: Culicidae | K619: Shauna
A620: KBIMP-_007_F3 | B620: Arthropoda | C620: Insecta | D620: Diptera | E620: Culicidae | K620: Shauna
A621: KBIMP-_007_F4 | B621: Arthropoda | C621: Insecta | D621: Diptera | E621: Culicidae | K621: Shauna
A622: KBIMP-_007_F5 | B622: Arthropoda | C622: Insecta | D622: Diptera | E622: Culicidae | K622: Shauna
A623: KBIMP-_007_F6 | B623: Arthropoda | C623: Insecta | D623: Diptera | E623: Culicidae | K623: Shauna
A624: KBIMP-_007_F7 | B624: Arthropoda | C624: Insecta | D624: Diptera | E624: Culicidae | K624: Shauna
A625: KBIMP-_007_F8 | B625: Arthropoda | C625: Insecta | D625: Diptera | E625: Culicidae | K625: Shauna
A626: KBIMP-_007_F9 | B626: Arthropoda | C626: Insecta | D626: Diptera | E626: Culicidae | K626: Shauna
A627: KBIMP-_007_F10 | B627: Arthropoda | C627: Insecta | D627: Diptera | E627: Culicidae | K627: Shauna
A628: KBIMP-_007_F11 | B628: Arthropoda | C628: Insecta | D628: Diptera | E628: Culicidae | K628: Shauna
A629: KBIMP-_007_F12 | B629: Arthropoda | C629: Insecta | D629: Diptera | E629: Simuliidae | K629: Shauna
A630: KBIMP-_007_G1 | B630: Arthropoda | C630: Insecta | D630: Diptera | E630: Simuliidae | K630: Shauna
... A652: KBIMP-_007_H11 | B652: Arthropoda | C652: Insecta | D652: Diptera | E652: Culicidae | K652: Shauna
A653: KBIMP-_007_H12
A654: KBIMP-_008_A1 | B654: Arthropoda | C654: Insecta | D654: Diptera | E654: Culicidae | K654: Shauna
A655: KBIMP-_008_A2 | B655: Arthropoda | C655: Insecta | D655: Diptera | E655: Culicidae | K655: Shauna
A656: KBIMP-_008_A3 | B656: Arthropoda | C656: Insecta | D656: Diptera | E656: Simuliidae | K656: Shauna
A657: KBIMP-_008_A4 | B657: Arthropoda | C657: Insecta | D657: Diptera | E657: Simuliidae | K657: Shauna
A658: KBIMP-_008_A5 | B658: Arthropoda | C658: Insecta | D658: Diptera | E658: Simuliidae | K658: Shauna
A659: KBIMP-_008_A6 | B659: Arthropoda | C659: Insecta | D659: Diptera | E659: Simuliidae | K659: Shauna
A660: KBIMP-_008_A7 | B660: Arthropoda | C660: Insecta | D660: Diptera | E660: Simuliidae | K660: Shauna
A661: KBIMP-_008_A8 | B661: Arthropoda | C661: Insecta | D661: Diptera | E661: Simuliidae | K661: Shauna
A662: KBIMP-_008_A9 | B662: Arthropoda | C662: Insecta | D662: Diptera | E662: Simuliidae | K662: Shauna
A663: KBIMP-_008_A10 | B663: Arthropoda | C663: Insecta | D663: Diptera | E663: Simuliidae | K663: Shauna
A664: KBIMP-_008_A11 | B664: Arthropoda | C664: Insecta | D664: Diptera | E664: Simuliidae | K664: Shauna
A665: KBIMP-_008_A12 | B665: Arthropoda | C665: Insecta | D665: Diptera | E665: Simuliidae | K665: Shauna
... A713: KBIMP-_008_E12 | B713: Arthropoda | C713: Insecta | D713: Diptera | E713: Simuliidae | K713: Shauna
A714: KBIMP-_008_F1 | B714: Arthropoda | C714: Insecta | D714: Diptera | E714: Culicidae | K714: Shauna | L714: sdworatz@uoguelph.ca
A715: KBIMP-_008_F2 | B715: Arthropoda | C715: Insecta | D715: Diptera | E715: Culicidae | K715: Shauna | L715: sdworatz@uoguelph.ca
A716: KBIMP-_008_F3 | B716: Arthropoda | C716: Insecta | D716: Diptera | E716: Culicidae | K716: Shauna | L716: sdworatz@uoguelph.ca
A717: KBIMP-_008_F4 | B717: Arthropoda | C717: Insecta | D717: Diptera | E717: Culicidae | K717: Shauna | L717: sdworatz@uoguelph.ca
A718: KBIMP-_008_F5 | B718: Arthropoda | C718: Insecta | D718: Diptera | E718: Culicidae | K718: Shauna | L718: sdworatz@uoguelph.ca
A719: KBIMP-_008_F6
A720: KBIMP-_008_F7
A721: KBIMP-_008_F8
A722: KBIMP-_008_F9
A723: KBIMP-_008_F10
A724: KBIMP-_008_F11
A725: KBIMP-_008_F12
A726: =IF(ISBLANK('Voucher Info'!A705),"",'Voucher Info'!A705) -> KBIMP-_008_E3
A727: =IF(ISBLANK('Voucher Info'!A706),"",'Voucher Info'!A706) -> KBIMP-_008_E4
A728: =IF(ISBLANK('Voucher Info'!A707),"",'Voucher Info'!A707) -> KBIMP-_008_E5
A729: =IF(ISBLANK('Voucher Info'!A708),"",'Voucher Info'!A708) -> KBIMP-_008_E6
A730: =IF(ISBLANK('Voucher Info'!A709),"",'Voucher Info'!A709) -> KBIMP-_008_E7
A731: =IF(ISBLANK('Voucher Info'!A710),"",'Voucher Info'!A710) -> KBIMP-_008_E8
...

Sheet Specimen Details
A1: Specimen Details Metadata | G1: Specimen Details Metadata Extended Fields (BOLD 3.1)
A2: Sample ID | B2: Sex | C2: Reproduction | D2: Life Stage | E2: Extra Info | F2: Notes | G2: Voucher Status | H2: Tissue Descriptor | I2: External URLs | J2: Associated Taxa | K2: Associated Specimens
A3: =IF(ISBLANK('Voucher Info'!A3),"",'Voucher Info'!A3) -> KBIMP_01_A1 | D3: Larvae
A4: =IF(ISBLANK('Voucher Info'!A4),"",'Voucher Info'!A4) -> KBIMP_01_A2 | D4: Larvae
A5: =IF(ISBLANK('Voucher Info'!A5),"",'Voucher Info'!A5) -> KBIMP_01_A3 | D5: Larvae
A6: =IF(ISBLANK('Voucher Info'!A6),"",'Voucher Info'!A6) -> KBIMP_01_A4 | D6: Larvae
A7: =IF(ISBLANK('Voucher Info'!A7),"",'Voucher Info'!A7) -> KBIMP_01_A5 | D7: Larvae
A8: =IF(ISBLANK('Voucher Info'!A8),"",'Voucher Info'!A8) -> KBIMP_01_A6 | D8: Larvae
A9: =IF(ISBLANK('Voucher Info'!A9),"",'Voucher Info'!A9) -> KBIMP_01_A7 | D9: Larvae
A10: =IF(ISBLANK('Voucher Info'!A10),"",'Voucher Info'!A10) -> KBIMP_01_A8 | D10: Larvae
A11: =IF(ISBLANK('Voucher Info'!A11),"",'Voucher Info'!A11) -> KBIMP_01_A9 | D11: Larvae
A12: =IF(ISBLANK('Voucher Info'!A12),"",'Voucher Info'!A12) -> KBIMP_01_A10 | D12: Larvae
A13: =IF(ISBLANK('Voucher Info'!A13),"",'Voucher Info'!A13) -> KBIMP_01_A11 | D13: Larvae
A14: =IF(ISBLANK('Voucher Info'!A14),"",'Voucher Info'!A14) -> KBIMP_01_A12 | D14: Larvae
... A550: =IF(ISBLANK('Voucher Info'!A550),"",'Voucher Info'!A550) -> KBIMP-_006_G1 | D550: Adult
A558: =IF(ISBLANK('Voucher Info'!A559),"",'Voucher Info'!A559) -> KBIMP-_007_A1 | D558: Adult
A559: =IF(ISBLANK('Voucher Info'!A560),"",'Voucher Info'!A560) -> KBIMP-_007_A2 | D559: Adult
A560: =IF(ISBLANK('Voucher Info'!A561),"",'Voucher Info'!A561) -> KBIMP-_007_A3 | D560: Adult
A561: =IF(ISBLANK('Voucher Info'!A562),"",'Voucher Info'!A562) -> KBIMP-_007_A4 | D561: Adult
A562: =IF(ISBLANK('Voucher Info'!A563),"",'Voucher Info'!A563) -> KBIMP-_007_A5 | D562: Adult
A563: =IF(ISBLANK('Voucher Info'!A564),"",'Voucher Info'!A564) -> KBIMP-_007_A6 | D563: Adult
A564: =IF(ISBLANK('Voucher Info'!A565),"",'Voucher Info'!A565) -> KBIMP-_007_A7 | D564: Adult
A565: =IF(ISBLANK('Voucher Info'!A566),"",'Voucher Info'!A566) -> KBIMP-_007_A8 | D565: Adult
A566: =IF(ISBLANK('Voucher Info'!A567),"",'Voucher Info'!A567) -> KBIMP-_007_A9 | D566: Adult
A567: =IF(ISBLANK('Voucher Info'!A568),"",'Voucher Info'!A568) -> KBIMP-_007_A10 | D567: Adult
A568: =IF(ISBLANK('Voucher Info'!A569),"",'Voucher Info'!A569) -> KBIMP-_007_A11 | D568: Adult
A569: =IF(ISBLANK('Voucher Info'!A570),"",'Voucher Info'!A570) -> KBIMP-_007_A12 | D569: Adult
... A594: =IF(ISBLANK('Voucher Info'!A595),"",'Voucher Info'!A595) -> KBIMP-_007_D1 | D594: Adult
A595: KBIMP-_007_D2 | D595: Adult
A596: KBIMP-_007_D3 | D596: Adult
A597: KBIMP-_007_D4 | D597: Adult
A598: KBIMP-_007_D5 | D598: Adult
A599: KBIMP-_007_D6 | D599: Adult
A600: KBIMP-_007_D7 | D600: Adult
A601: KBIMP-_007_D8 | D601: Adult
A602: KBIMP-_007_D9 | D602: Adult
A603: =IF(ISBLANK('Voucher Info'!A605),"",'Voucher Info'!A605) -> KBIMP-_007_D11 | D603: Adult
A604: KBIMP-_007_D10 | D604: Adult
A605: KBIMP-_007_D11 | D605: Adult
A606: KBIMP-_007_D12 | D606: Adult
A607: KBIMP-_007_E1 | D607: Adult
A608: KBIMP-_007_E2 | D608: Adult
A609: KBIMP-_007_E3 | D609: Adult
A610: KBIMP-_007_E4 | D610: Adult
A611: KBIMP-_007_E5 | D611: Adult
A612: KBIMP-_007_E6 | D612: Adult
A613: KBIMP-_007_E7 | D613: Adult
A614: KBIMP-_007_E8 | D614: Adult
A615: KBIMP-_007_E9 | D615: Adult
... A653: KBIMP-_007_H11 | D653: Adult
A654: KBIMP-_007_H12
A655: KBIMP-_008_A1 | D655: Adult
A656: KBIMP-_008_A2 | D656: Adult
A657: KBIMP-_008_A3 | D657: Adult
A658: KBIMP-_008_A4 | D658: Adult
A659: KBIMP-_008_A5 | D659: Adult
A660: KBIMP-_008_A6 | D660: Adult
A661: KBIMP-_008_A7 | D661: Adult
A662: KBIMP-_008_A8 | D662: Adult
A663: KBIMP-_008_A9 | D663: Adult
A664: KBIMP-_008_A10 | D664: Adult
A665: KBIMP-_008_A11 | D665: Adult
A666: KBIMP-_008_A12 | D666: Adult
... A719: KBIMP-_008_F5 | D719: Adult
A720: KBIMP-_008_F6
A721: KBIMP-_008_F7
A722: KBIMP-_008_F8
A723: KBIMP-_008_F9
A724: KBIMP-_008_F10
A725: KBIMP-_008_F11
A726: KBIMP-_008_F12
A727: =IF(ISBLANK('Voucher Info'!A706),"",'Voucher Info'!A706) -> KBIMP-_008_E4
A728: =IF(ISBLANK('Voucher Info'!A707),"",'Voucher Info'!A707) -> KBIMP-_008_E5
A729: =IF(ISBLANK('Voucher Info'!A708),"",'Voucher Info'!A708) -> KBIMP-_008_E6
A730: =IF(ISBLANK('Voucher Info'!A709),"",'Voucher Info'!A709) -> KBIMP-_008_E7
A731: =IF(ISBLANK('Voucher Info'!A710),"",'Voucher Info'!A710) -> KBIMP-_008_E8
A732: =IF(ISBLANK('Voucher Info'!A711),"",'Voucher Info'!A711) -> KBIMP-_008_E9
A733: =IF(ISBLANK('Voucher Info'!A712),"",'Voucher Info'!A712) -> KBIMP-_008_E10
A734: =IF(ISBLANK('Voucher Info'!A713),"",'Voucher Info'!A713) -> KBIMP-_008_E11
A735: =IF(ISBLANK('Voucher Info'!A714),"",'Voucher Info'!A714) -> KBIMP-_008_E12
A736: =IF(ISBLANK('Voucher Info'!A715),"",'Voucher Info'!A715) -> KBIMP-_008_F1
A737: =IF(ISBLANK('Voucher Info'!A716),"",'Voucher Info'!A716) -> KBIMP-_008_F2
A738: =IF(ISBLANK('Voucher Info'!A717),"",'Voucher Info'!A717) -> KBIMP-_008_F3
... A1001: =IF(ISBLANK('Voucher Info'!A980),"",'Voucher Info'!A980)

Sheet Collection Data
A1: Collection Info Metadata | L1: Collection Info Metadata Extended Fields (BOLD 3.1)
A2: Sample ID | B2: Collectors | C2: Collection Date | D2: Country/Ocean | E2: State/Province | F2: Region | G2: Sector | H2: Exact Site | I2: Lat | J2: Lon | K2: Elev | L2: Depth | M2: Elevation Precision | N2: Depth Precision | O2: GPS Source | P2: Coordinate Accuracy | Q2: Event Time | R2: Collection Date Accuracy | S2: Habitat | T2: Sampling Protocol | U2: Collection Notes | V2: Site Code | W2: Field ID
A3: =IF(ISBLANK('Voucher Info'!A3),"",'Voucher Info'!A3) -> KBIMP_01_A1 | B3: D. Nowosad | C3: July 25 2024 | D3: Canada | E3: Nunavut | F3: Kitikmeot | H3: DEW Line Rd | I3: 69.158318 | J3: 105.19028 | K3: 24m | T3: Dipnet | W3: CBAY0037
A4: =IF(ISBLANK('Voucher Info'!A4),"",'Voucher Info'!A4) -> KBIMP_01_A2 | B4: D. Nowosad | C4: July 25 2024 | D4: Canada | E4: Nunavut | F4: Kitikmeot | H4: DEW Line Rd | I4: 69.158318 | J4: 105.19028 | K4: 24m | T4: Dipnet | W4: CBAY0037
A5: =IF(ISBLANK('Voucher Info'!A5),"",'Voucher Info'!A5) -> KBIMP_01_A3 | B5: D. Nowosad | C5: July 25 2024 | D5: Canada | E5: Nunavut | F5: Kitikmeot | H5: DEW Line Rd | I5: 69.158318 | J5: 105.19028 | K5: 24m | T5: Dipnet | W5: CBAY0037
A6: =IF(ISBLANK('Voucher Info'!A6),"",'Voucher Info'!A6) -> KBIMP_01_A4 | B6: D. Nowosad | C6: July 25 2024 | D6: Canada | E6: Nunavut | F6: Kitikmeot | H6: DEW Line Rd | I6: 69.158318 | J6: 105.19028 | K6: 24m | T6: Dipnet | W6: CBAY0037
A7: =IF(ISBLANK('Voucher Info'!A7),"",'Voucher Info'!A7) -> KBIMP_01_A5 | B7: D. Nowosad | C7: July 25 2024 | D7: Canada | E7: Nunavut | F7: Kitikmeot | H7: DEW Line Rd | I7: 69.158318 | J7: 105.19028 | K7: 24m | T7: Dipnet | W7: CBAY0037
A8: =IF(ISBLANK('Voucher Info'!A8),"",'Voucher Info'!A8) -> KBIMP_01_A6 | B8: D. Nowosad | C8: July 25 2024 | D8: Canada | E8: Nunavut | F8: Kitikmeot | H8: DEW Line Rd | I8: 69.158318 | J8: 105.19028 | K8: 24m | T8: Dipnet | W8: CBAY0037
A9: =IF(ISBLANK('Voucher Info'!A9),"",'Voucher Info'!A9) -> KBIMP_01_A7 | B9: D. Nowosad | C9: July 25 2024 | D9: Canada | E9: Nunavut | F9: Kitikmeot | H9: DEW Line Rd | I9: 69.158318 | J9: 105.19028 | K9: 24m | T9: Dipnet | W9: CBAY0037
A10: =IF(ISBLANK('Voucher Info'!A10),"",'Voucher Info'!A10) -> KBIMP_01_A8 | B10: D. Nowosad | C10: July 25 2024 | D10: Canada | E10: Nunavut | F10: Kitikmeot | H10: DEW Line Rd | I10: 69.158318 | J10: 105.19028 | K10: 24m | T10: Dipnet | W10: CBAY0037
A11: =IF(ISBLANK('Voucher Info'!A11),"",'Voucher Info'!A11) -> KBIMP_01_A9 | B11: D. Nowosad | C11: July 25 2024 | D11: Canada | E11: Nunavut | F11: Kitikmeot | H11: DEW Line Rd | I11: 69.158318 | J11: 105.19028 | K11: 24m | T11: Dipnet | W11: CBAY0037
A12: =IF(ISBLANK('Voucher Info'!A12),"",'Voucher Info'!A12) -> KBIMP_01_A10 | B12: D. Nowosad | C12: July 25 2024 | D12: Canada | E12: Nunavut | F12: Kitikmeot | H12: DEW Line Rd | I12: 69.158318 | J12: 105.19028 | K12: 24m | T12: Dipnet | W12: CBAY0037
A13: =IF(ISBLANK('Voucher Info'!A13),"",'Voucher Info'!A13) -> KBIMP_01_A11 | B13: D. Nowosad | C13: July 25 2024 | D13: Canada | E13: Nunavut | F13: Kitikmeot | H13: DEW Line Rd | I13: 69.158318 | J13: 105.19028 | K13: 24m | T13: Dipnet | W13: CBAY0037
A14: =IF(ISBLANK('Voucher Info'!A14),"",'Voucher Info'!A14) -> KBIMP_01_A12 | B14: D. Nowosad | C14: July 25 2024 | D14: Canada | E14: Nunavut | F14: Kitikmeot | H14: DEW Line Rd | I14: 69.158318 | J14: 105.19028 | K14: 24m | T14: Dipnet | W14: CBAY0037
... A87: =IF(ISBLANK('Voucher Info'!A87),"",'Voucher Info'!A87) -> KBIMP_01_H1 | B87: D. Nowosad | C87: July 21 2024 | D87: Canada | E87: Nunavut | F87: Kitikmeot | H87: Stream between 1st lake and Grenier | I87: 69.20555 | J87: -104.78194 | K87: 10m | T87: Dipnet | W87: CBAY0020
A88: =IF(ISBLANK('Voucher Info'!A88),"",'Voucher Info'!A88) -> KBIMP_01_H2 | B88: D. Nowosad | C88: July 24 2024 | D88: Canada | E88: Nunavut | F88: Kitikmeot | H88: Freshwater river by picnic area | I88: 69.132486 | J88: -104.9887 | T88: Dipnet | W88: CBAY0029
A89: =IF(ISBLANK('Voucher Info'!A89),"",'Voucher Info'!A89) -> KBIMP_01_H3 | B89: D. Nowosad | C89: July 24 2024 | D89: Canada | E89: Nunavut | F89: Kitikmeot | H89: Freshwater river by picnic area | I89: 69.132486 | J89: -104.9887 | T89: Dipnet | W89: CBAY0029
A90: =IF(ISBLANK('Voucher Info'!A90),"",'Voucher Info'!A90) -> KBIMP_01_H4 | B90: D. Nowosad | C90: July 24 2024 | D90: Canada | E90: Nunavut | F90: Kitikmeot | H90: Freshwater river by picnic area | I90: 69.132486 | J90: -104.9887 | T90: Dipnet | W90: CBAY0029
A91: =IF(ISBLANK('Voucher Info'!A91),"",'Voucher Info'!A91) -> KBIMP_01_H5 | B91: D. Nowosad | C91: July 24 2024 | D91: Canada | E91: Nunavut | F91: Kitikmeot | H91: Freshwater river by picnic area | I91: 69.132486 | J91: -104.9887 | T91: Dipnet | W91: CBAY0029
A92: =IF(ISBLANK('Voucher Info'!A92),"",'Voucher Info'!A92) -> KBIMP_01_H6 | B92: D. Nowosad | C92: July 24 2024 | D92: Canada | E92: Nunavut | F92: Kitikmeot | H92: Freshwater river by picnic area | I92: 69.132486 | J92: -104.9887 | T92: Dipnet | W92: CBAY0029
A93: =IF(ISBLANK('Voucher Info'!A93),"",'Voucher Info'!A93) -> KBIMP_01_H7 | B93: D. Nowosad | C93: July 24 2024 | D93: Canada | E93: Nunavut | F93: Kitikmeot | H93: Freshwater river by picnic area | I93: 69.132486 | J93: -104.9887 | T93: Dipnet | W93: CBAY0029
A94: =IF(ISBLANK('Voucher Info'!A94),"",'Voucher Info'!A94) -> KBIMP_01_H8 | B94: D. Nowosad | C94: July 24 2024 | D94: Canada | E94: Nunavut | F94: Kitikmeot | H94: Freshwater river by picnic area | I94: 69.132486 | J94: -104.9887 | T94: Dipnet | W94: CBAY0029
A95: =IF(ISBLANK('Voucher Info'!A95),"",'Voucher Info'!A95) -> KBIMP_01_H9 | B95: D. Nowosad | C95: July 24 2024 | D95: Canada | E95: Nunavut | F95: Kitikmeot | H95: Freshwater river by picnic area | I95: 69.132486 | J95: -104.9887 | T95: Dipnet | W95: CBAY0029
A96: =IF(ISBLANK('Voucher Info'!A96),"",'Voucher Info'!A96) -> KBIMP_01_H10 | B96: D. Nowosad | C96: July 24 2024 | D96: Canada | E96: Nunavut | F96: Kitikmeot | H96: Freshwater river by picnic area | I96: 69.132486 | J96: -104.9887 | T96: Dipnet | W96: CBAY0029
A97: =IF(ISBLANK('Voucher Info'!A97),"",'Voucher Info'!A97) -> KBIMP_01_H11 | B97: D. Nowosad | C97: July 24 2024 | D97: Canada | E97: Nunavut | F97: Kitikmeot | H97: Freshwater river by picnic area | I97: 69.132486 | J97: -104.9887 | T97: Dipnet | W97: CBAY0029
A98: =IF(ISBLANK('Voucher Info'!A98),"",'Voucher Info'!A98) -> KBIMP_002_A1 | B98: D. Nowosad | C98: July 28 2024 | D98: Canada | E98: Nunavut | F98: Kitikmeot | H98: Freshwater river | I98: 69.112595 | J98: -105.01024 | T98: Dipnet | W98: CBAY0026
A99: =IF(ISBLANK('Voucher Info'!A99),"",'Voucher Info'!A99) -> KBIMP_002_A2 | B99: D. Nowosad | C99: July 28 2024 | D99: Canada | E99: Nunavut | F99: Kitikmeot | H99: Freshwater river | I99: 69.112595 | J99: -105.01024 | T99: Dipnet | W99: CBAY0026
... A109: =IF(ISBLANK('Voucher Info'!A109),"",'Voucher Info'!A109) -> KBIMP_002_A12 | B109: D. Nowosad | C109: July 24 2024 | D109: Canada | E109: Nunavut | F109: Kitikmeot | H109: Freshwater river by picnic area | I109: 69.132438 | J109: -104.98883 | T109: Surber net | W109: CBAY0030
A110: =IF(ISBLANK('Voucher Info'!A110),"",'Voucher Info'!A110) -> KBIMP_002_B1 | B110: D. Nowosad | C110: July 21 2024 | D110: Canada | E110: Nunavut | F110: Kitikmeot | I110: 69.204444 | J110: -104.77389 | T110: Surber net | W110: CBAY0021
A111: =IF(ISBLANK('Voucher Info'!A111),"",'Voucher Info'!A111) -> KBIMP_002_B2 | B111: D. Nowosad | C111: July 24 2024 | D111: Canada | E111: Nunavut | F111: Kitikmeot | H111: Freshwater river by picnic area | I111: 69.132438 | J111: -104.98883 | T111: Surber net | W111: CBAY0030
A112: =IF(ISBLANK('Voucher Info'!A112),"",'Voucher Info'!A112) -> KBIMP_002_B3 | B112: D. Nowosad | C112: July 24 2024 | D112: Canada | E112: Nunavut | F112: Kitikmeot | H112: Freshwater river by picnic area | I112: 69.132438 | J112: -104.98883 | T112: Surber net | W112: CBAY0030
A113: =IF(ISBLANK('Voucher Info'!A113),"",'Voucher Info'!A113) -> KBIMP_002_B4 | B113: D. Nowosad | C113: July 24 2024 | D113: Canada | E113: Nunavut | F113: Kitikmeot | H113: Freshwater river by picnic area | I113: 69.132438 | J113: -104.98883 | T113: Surber net | W113: CBAY0030
A114: =IF(ISBLANK('Voucher Info'!A114),"",'Voucher Info'!A114) -> KBIMP_002_B5 | B114: D. Nowosad | C114: July 24 2024 | D114: Canada | E114: Nunavut | F114: Kitikmeot | H114: Freshwater river by picnic area | I114: 69.132438 | J114: -104.98883 | T114: Surber net | W114: CBAY0030
A115: =IF(ISBLANK('Voucher Info'!A115),"",'Voucher Info'!A115) -> KBIMP_002_B6 | B115: D. Nowosad | C115: July 24 2024 | D115: Canada | E115: Nunavut | F115: Kitikmeot | H115: Freshwater river by picnic area | I115: 69.132438 | J115: -104.98883 | T115: Surber net | W115: CBAY0030
A116: =IF(ISBLANK('Voucher Info'!A116),"",'Voucher Info'!A116) -> KBIMP_002_B7 | B116: D. Nowosad | C116: July 24 2024 | D116: Canada | E116: Nunavut | F116: Kitikmeot | H116: Freshwater river by picnic area | I116: 69.132438 | J116: -104.98883 | T116: Surber net | W116: CBAY0030
A117: =IF(ISBLANK('Voucher Info'!A117),"",'Voucher Info'!A117) -> KBIMP_002_B8 | B117: D. Nowosad | C117: July 24 2024 | D117: Canada | E117: Nunavut | F117: Kitikmeot | H117: Freshwater river by picnic area | I117: 69.132438 | J117: -104.98883 | T117: Surber net | W117: CBAY0030
A118: =IF(ISBLANK('Voucher Info'!A118),"",'Voucher Info'!A118) -> KBIMP_002_B9 | B118: D. Nowosad | C118: July 24 2024 | D118: Canada | E118: Nunavut | F118: Kitikmeot | H118: Freshwater river by picnic area | I118: 69.132438 | J118: -104.98883 | T118: Surber net | W118: CBAY0030
A119: =IF(ISBLANK('Voucher Info'!A119),"",'Voucher Info'!A119) -> KBIMP_002_B10 | B119: D. Nowosad | C119: July 24 2024 | D119: Canada | E119: Nunavut | F119: Kitikmeot | H119: Freshwater river by picnic area | I119: 69.132438 | J119: -104.98883 | T119: Surber net | W119: CBAY0030
A120: =IF(ISBLANK('Voucher Info'!A120),"",'Voucher Info'!A120) -> KBIMP_002_B11 | B120: D. Nowosad | C120: July 24 2024 | D120: Canada | E120: Nunavut | F120: Kitikmeot | H120: Freshwater river by picnic area | I120: 69.132438 | J120: -104.98883 | T120: Surber net | W120: CBAY0030
A121: =IF(ISBLANK('Voucher Info'!A121),"",'Voucher Info'!A121) -> KBIMP_002_B12 | B121: Cassia | C121: June 7 2024 | D121: Canada | E121: Nunavut | F121: Kitikmeot | H121: Kitigak River - Site 1 | T121: Surber net | W121: CBAY0017
A122: =IF(ISBLANK('Voucher Info'!A122),"",'Voucher Info'!A122) -> KBIMP_002_C1 | B122: Cassia | C122: June 7 2024 | D122: Canada | E122: Nunavut | F122: Kitikmeot | H122: Kitigak River - Site 1 | T122: Surber net | W122: CBAY0017
A123: =IF(ISBLANK('Voucher Info'!A123),"",'Voucher Info'!A123) -> KBIMP_002_C2 | B123: Cassia | C123: June 7 2024 | D123: Canada | E123: Nunavut | F123: Kitikmeot | H123: Kitigak River - Site 1 | T123: Surber net | W123: CBAY0017
A124: =IF(ISBLANK('Voucher Info'!A124),"",'Voucher Info'!A124) -> KBIMP_002_C3 | B124: Cassia | C124: June 7 2024 | D124: Canada | E124: Nunavut | F124: Kitikmeot | H124: Kitigak River - Site 1 | T124: Surber net | W124: CBAY0017
A125: =IF(ISBLANK('Voucher Info'!A125),"",'Voucher Info'!A125) -> KBIMP_002_C4 | B125: Cassia | C125: June 7 2024 | D125: Canada | E125: Nunavut | F125: Kitikmeot | H125: Kitigak River - Site 1 | T125: Surber net | W125: CBAY0017
A126: =IF(ISBLANK('Voucher Info'!A126),"",'Voucher Info'!A126) -> KBIMP_002_C5 | B126: Cassia | C126: June 7 2024 | D126: Canada | E126: Nunavut | F126: Kitikmeot | H126: Kitigak River - Site 1 | T126: Surber net | W126: CBAY0017
A127: =IF(ISBLANK('Voucher Info'!A127),"",'Voucher Info'!A127) -> KBIMP_002_C6 | B127: Cassia | C127: June 7 2024 | D127: Canada | E127: Nunavut | F127: Kitikmeot | H127: Kitigak River - Site 1 | T127: Surber net | W127: CBAY0017
A128: =IF(ISBLANK('Voucher Info'!A128),"",'Voucher Info'!A128) -> KBIMP_002_C7 | B128: Cassia | C128: June 7 2024 | D128: Canada | E128: Nunavut | F128: Kitikmeot | H128: Kitigak River - Site 1 | T128: Surber net | W128: CBAY0017
A129: =IF(ISBLANK('Voucher Info'!A129),"",'Voucher Info'!A129) -> KBIMP_002_C8 | B129: Cassia | C129: June 7 2024 | D129: Canada | E129: Nunavut | F129: Kitikmeot | H129: Kitigak River - Site 1 | T129: Surber net | W129: CBAY0017
A130: =IF(ISBLANK('Voucher Info'!A130),"",'Voucher Info'!A130) -> KBIMP_002_C9 | B130: Cassia | C130: June 7 2024 | D130: Canada | E130: Nunavut | F130: Kitikmeot | H130: Kitigak River - Site 1 | T130: Surber net | W130: CBAY0017
A131: =IF(ISBLANK('Voucher Info'!A131),"",'Voucher Info'!A131) -> KBIMP_002_C10 | B131: O. Colman | C131: July 29 2024 | D131: Canada | E131: Nunavut | F131: Kitikmeot | H131: Creek South of Pelly Road | I131: 69.119246 | J131: -105.12742 | T131: Surber net | W131: CBAY 0038
A132: =IF(ISBLANK('Voucher Info'!A132),"",'Voucher Info'!A132) -> KBIMP_002_C11 | B132: O. Colman | C132: July 29 2024 | D132: Canada | E132: Nunavut | F132: Kitikmeot | H132: Creek South of Pelly Road | I132: 69.119246 | J132: -105.12742 | T132: Surber net | W132: CBAY 0038
A133: =IF(ISBLANK('Voucher Info'!A133),"",'Voucher Info'!A133) -> KBIMP_002_C12 | B133: O. Colman | C133: July 29 2024 | D133: Canada | E133: Nunavut | F133: Kitikmeot | H133: Creek South of Pelly Road | I133: 69.119246 | J133: -105.12742 | T133: Surber net | W133: CBAY 0038
A134: =IF(ISBLANK('Voucher Info'!A134),"",'Voucher Info'!A134) -> KBIMP_002_D1 | B134: O. Colman | C134: July 29 2024 | D134: Canada | E134: Nunavut | F134: Kitikmeot | H134: Creek South of Pelly Road | I134: 69.119246 | J134: -105.12742 | T134: Surber net | W134: CBAY 0038
A135: =IF(ISBLANK('Voucher Info'!A135),"",'Voucher Info'!A135) -> KBIMP_002_D2 | B135: O. Colman | C135: July 29 2024 | D135: Canada | E135: Nunavut | F135: Kitikmeot | H135: Creek South of Pelly Road | I135: 69.119246 | J135: -105.12742 | T135: Surber net | W135: CBAY 0038
A136: =IF(ISBLANK('Voucher Info'!A136),"",'Voucher Info'!A136) -> KBIMP_002_D3 | B136: O. Colman | C136: July 29 2024 | D136: Canada | E136: Nunavut | F136: Kitikmeot | H136: Creek South of Pelly Road | I136: 69.119246 | J136: -105.12742 | T136: Surber net | W136: CBAY 0038
A137: =IF(ISBLANK('Voucher Info'!A137),"",'Voucher Info'!A137) -> KBIMP_002_D4 | B137: O. Colman | C137: July 29 2024 | D137: Canada | E137: Nunavut | F137: Kitikmeot | H137: Creek South of Pelly Road | I137: 69.119246 | J137: -105.12742 | T137: Surber net | W137: CBAY 0038
A138: =IF(ISBLANK('Voucher Info'!A138),"",'Voucher Info'!A138) -> KBIMP_002_D5 | B138: O. Colman | C138: July 29 2024 | D138: Canada | E138: Nunavut | F138: Kitikmeot | H138: Creek South of Pelly Road | I138: 69.119246 | J138: -105.12742 | T138: Surber net | W138: CBAY 0038
A139: =IF(ISBLANK('Voucher Info'!A139),"",'Voucher Info'!A139) -> KBIMP_002_D6 | B139: O. Colman | C139: July 29 2024 | D139: Canada | E139: Nunavut | F139: Kitikmeot | H139: Creek South of Pelly Road | I139: 69.119246 | J139: -105.12742 | T139: Surber net | W139: CBAY 0038
A140: =IF(ISBLANK('Voucher Info'!A140),"",'Voucher Info'!A140) -> KBIMP_002_D7 | B140: O. Colman | C140: July 29 2024 | D140: Canada | E140: Nunavut | F140: Kitikmeot | H140: Creek South of Pelly Road | I140: 69.119246 | J140: -105.12742 | T140: Surber net | W140: CBAY 0038
A141: =IF(ISBLANK('Voucher Info'!A141),"",'Voucher Info'!A141) -> KBIMP_002_D8 | B141: O. Colman | C141: July 25 2024 | D141: Canada | E141: Nunavut | F141: Kitikmeot | H141: DEW Line Rd | I141: 69.13247 | J141: -104.98868 | T141: Sweep net | W141: CBAY0022
A142: =IF(ISBLANK('Voucher Info'!A142),"",'Voucher Info'!A142) -> KBIMP_002_D9 | B142: O. Colman | C142: July 25 2024 | D142: Canada | E142: Nunavut | F142: Kitikmeot | H142: DEW Line Rd | I142: 69.13247 | J142: -104.98868 | T142: Sweep net | W142: CBAY0022
... A192: =IF(ISBLANK('Voucher Info'!A192),"",'Voucher Info'!A192) -> KBIMP_002_H11 | B192: O. Colman | C192: August 2 2024 | D192: Canada | E192: Nunavut | F192: Kitikmeot | H192: Freshwater river by picnic area resample | I192: 69.132277 | J192: -104.98813 | T192: Sweep net | W192: CBAY0060
A193: KBIMP_003_A1 | B193: O. Colman | C193: August 2 2024 | D193: Canada | E193: Nunavut | F193: Kitikmeot | H193: Freshwater river by picnic area resample | I193: 69.132277 | J193: -104.98813 | T193: Sweep net | W193: CBAY0060
A194: KBIMP_003_A2 | B194: O. Colman | C194: August 2 2024 | D194: Canada | E194: Nunavut | F194: Kitikmeot | H194: Freshwater river by picnic area resample | I194: 69.132277 | J194: -104.98813 | T194: Sweep net | W194: CBAY0060
A195: KBIMP_003_A3 | B195: O. Colman | C195: August 2 2024 | D195: Canada | E195: Nunavut | F195: Kitikmeot | H195: Freshwater river by picnic area resample | I195: 69.132277 | J195: -104.98813 | T195: Sweep net | W195: CBAY0060
A196: KBIMP_003_A4 | B196: O. Colman | C196: August 2 2024 | D196: Canada | E196: Nunavut | F196: Kitikmeot | H196: Freshwater river by picnic area resample | I196: 69.132277 | J196: -104.98813 | T196: Sweep net | W196: CBAY0060
A197: KBIMP_003_A5 | B197: O. Colman | C197: August 2 2024 | D197: Canada | E197: Nunavut | F197: Kitikmeot | H197: Freshwater river by picnic area resample | I197: 69.132277 | J197: -104.98813 | T197: Sweep net | W197: CBAY0060
A198: KBIMP_003_A6 | B198: O. Colman | C198: August 2 2024 | D198: Canada | E198: Nunavut | F198: Kitikmeot | H198: Freshwater river by picnic area resample | I198: 69.132277 | J198: -104.98813 | T198: Sweep net | W198: CBAY0060
A199: KBIMP_003_A7 | B199: O. Colman | C199: August 2 2024 | D199: Canada | E199: Nunavut | F199: Kitikmeot | H199: Freshwater river by picnic area resample | I199: 69.132277 | J199: -104.98813 | T199: Sweep net | W199: CBAY0060
A200: KBIMP_003_A8 | B200: O. Colman | C200: August 2 2024 | D200: Canada | E200: Nunavut | F200: Kitikmeot | H200: Freshwater river by picnic area resample | I200: 69.132277 | J200: -104.98813 | T200: Sweep net | W200: CBAY0060
A201: KBIMP_003_A9 | B201: O. Colman | C201: August 7 2024 | D201: Canada | E201: Nunavut | F201: Kitikmeot | H201: DEW Line Rd | I201: 69.19088 | J201: -105.12738 | T201: Sweep net | W201: CBAY0070
A202: KBIMP_003_A10 | B202: O. Colman | C202: August 7 2024 | D202: Canada | E202: Nunavut | F202: Kitikmeot | H202: DEW Line Rd | I202: 69.19088 | J202: -105.12738 | T202: Sweep net | W202: CBAY0070
A203: KBIMP_003_A11 | B203: O. Colman | C203: August 7 2024 | D203: Canada | E203: Nunavut | F203: Kitikmeot | H203: DEW Line Rd | I203: 69.19088 | J203: -105.12738 | T203: Sweep net | W203: CBAY0070
A204: KBIMP_003_A12 | B204: O. Colman | C204: August 7 2024 | D204: Canada | E204: Nunavut | F204: Kitikmeot | H204: 1st creek/the ravine | I204: 69.132866 | J204: -105.46373 | T204: Sweep net | W204: CBAY0078
... A477: KBIMP-_005_H11 | B477: D. Nowosad and O. Colman | C477: July 29 - August 5 2024 | D477: Canada | E477: Nunavut | F477: Kitikmeot | H477: Creek south of Pelly Rd | I477: 69.128611 | J477: -104.98722 | T477: Malaise Trap | W477: CBAY0034
A478: =IF(ISBLANK('Voucher Info'!A478),"",'Voucher Info'!A478) -> KBIMP-_006_A1 | B478: D. Nowosad and O. Colman | C478: July 29 - August 5 2024 | D478: Canada | E478: Nunavut | F478: Kitikmeot | H478: Creek south of Pelly Rd | I478: 69.128611 | J478: -104.98722 | T478: Malaise Trap | W478: CBAY0034
A479: =IF(ISBLANK('Voucher Info'!A479),"",'Voucher Info'!A479) -> KBIMP-_006_A2 | B479: D. Nowosad and O. Colman | C479: July 29 - August 5 2024 | D479: Canada | E479: Nunavut | F479: Kitikmeot | H479: Creek south of Pelly Rd | I479: 69.128611 | J479: -104.98722 | T479: Malaise Trap | W479: CBAY0034
A480: =IF(ISBLANK('Voucher Info'!A480),"",'Voucher Info'!A480) -> KBIMP-_006_A3 | B480: D. Nowosad and O. Colman | C480: July 29 - August 5 2024 | D480: Canada | E480: Nunavut | F480: Kitikmeot | H480: Creek south of Pelly Rd | I480: 69.128611 | J480: -104.98722 | T480: Malaise Trap | W480: CBAY0034
A481: =IF(ISBLANK('Voucher Info'!A481),"",'Voucher Info'!A481) -> KBIMP-_006_A4 | B481: D. Nowosad and O. Colman | C481: July 29 - August 5 2024 | D481: Canada | E481: Nunavut | F481: Kitikmeot | H481: Creek south of Pelly Rd | I481: 69.128611 | J481: -104.98722 | T481: Malaise Trap | W481: CBAY0034
A482: =IF(ISBLANK('Voucher Info'!A482),"",'Voucher Info'!A482) -> KBIMP-_006_A5 | B482: D. Nowosad and O. Colman | C482: July 29 - August 5 2024 | D482: Canada | E482: Nunavut | F482: Kitikmeot | H482: Creek south of Pelly Rd | I482: 69.128611 | J482: -104.98722 | T482: Malaise Trap | W482: CBAY0034
A483: =IF(ISBLANK('Voucher Info'!A483),"",'Voucher Info'!A483) -> KBIMP-_006_A6 | B483: D. Nowosad and O. Colman | C483: July 29 - August 5 2024 | D483: Canada | E483: Nunavut | F483: Kitikmeot | H483: Creek south of Pelly Rd | I483: 69.128611 | J483: -104.98722 | T483: Malaise Trap | W483: CBAY0034
A484: =IF(ISBLANK('Voucher Info'!A484),"",'Voucher Info'!A484) -> KBIMP-_006_A7 | B484: D. Nowosad and O. Colman | C484: July 29 - August 5 2024 | D484: Canada | E484: Nunavut | F484: Kitikmeot | H484: Creek south of Pelly Rd | I484: 69.128611 | J484: -104.98722 | T484: Malaise Trap | W484: CBAY0034
A485: =IF(ISBLANK('Voucher Info'!A485),"",'Voucher Info'!A485) -> KBIMP-_006_A8 | B485: D. Nowosad and O. Colman | C485: July 29 - August 5 2024 | D485: Canada | E485: Nunavut | F485: Kitikmeot | H485: Creek south of Pelly Rd | I485: 69.128611 | J485: -104.98722 | T485: Malaise Trap | W485: CBAY0034
A486: =IF(ISBLANK('Voucher Info'!A486),"",'Voucher Info'!A486) -> KBIMP-_006_A9 | B486: D. Nowosad and O. Colman | C486: July 29 - August 5 2024 | D486: Canada | E486: Nunavut | F486: Kitikmeot | H486: Creek south of Pelly Rd | I486: 69.128611 | J486: -104.98722 | T486: Malaise Trap | W486: CBAY0034
A487: =IF(ISBLANK('Voucher Info'!A487),"",'Voucher Info'!A487) -> KBIMP-_006_A10 | B487: D. Nowosad and O. Colman | C487: July 29 - August 5 2024 | D487: Canada | E487: Nunavut | F487: Kitikmeot | H487: Creek south of Pelly Rd | I487: 69.128611 | J487: -104.98722 | T487: Malaise Trap | W487: CBAY0034
A488: =IF(ISBLANK('Voucher Info'!A488),"",'Voucher Info'!A488) -> KBIMP-_006_A11 | B488: D. Nowosad and O. Colman | C488: July 29 - August 5 2024 | D488: Canada | E488: Nunavut | F488: Kitikmeot | H488: Creek south of Pelly Rd | I488: 69.128611 | J488: -104.98722 | T488: Malaise Trap | W488: CBAY0034
A489: =IF(ISBLANK('Voucher Info'!A489),"",'Voucher Info'!A489) -> KBIMP-_006_A12 | B489: D. Nowosad | C489: July 21 - July 29 | D489: Canada | E489: Nunavut | F489: Kitikmeot | H489: Creek south of Pelly Rd | I489: 69.12861 | J489: -104.98722 | T489: Malaise Trap | W489: CBAY0043
... A508: =IF(ISBLANK('Voucher Info'!A508),"",'Voucher Info'!A508) -> KBIMP-_006_C7 | B508: D. Nowosad | C508: July 21 - July 29 | D508: Canada | E508: Nunavut | F508: Kitikmeot | H508: Creek south of Pelly Rd | I508: 69.12861 | J508: -104.98722 | T508: Malaise Trap | W508: CBAY0043
A509: =IF(ISBLANK('Voucher Info'!A509),"",'Voucher Info'!A509) -> KBIMP-_006_C8 | B509: O. Colman | C509: 45506 | D509: Canada | E509: Nunavut | F509: Kitikmeot | H509: Freshwater river | I509: 69.14312 | J509: -104.94132 | T509: Sweep net | W509: CBAY0055
A510: =IF(ISBLANK('Voucher Info'!A510),"",'Voucher Info'!A510) -> KBIMP-_006_C9 | B510: O. Colman | C510: 45506 | D510: Canada | E510: Nunavut | F510: Kitikmeot | H510: Freshwater river | I510: 69.14312 | J510: -104.94132 | T510: Sweep net | W510: CBAY0055
A511: =IF(ISBLANK('Voucher Info'!A511),"",'Voucher Info'!A511) -> KBIMP-_006_C10 | B511: O. Colman | C511: 45506 | D511: Canada | E511: Nunavut | F511: Kitikmeot | H511: Freshwater river | I511: 69.14312 | J511: -104.94132 | T511: Sweep net | W511: CBAY0055
A512: =IF(ISBLANK('Voucher Info'!A512),"",'Voucher Info'!A512) -> KBIMP-_006_C11 | B512: O. Colman | C512: 45506 | D512: Canada | E512: Nunavut | F512: Kitikmeot | H512: Freshwater river | I512: 69.14312 | J512: -104.94132 | T512: Sweep net | W512: CBAY0055
A513: =IF(ISBLANK('Voucher Info'!A513),"",'Voucher Info'!A513) -> KBIMP-_006_C12 | B513: O. Colman | C513: 45506 | D513: Canada | E513: Nunavut | F513: Kitikmeot | H513: Freshwater river | I513: 69.14312 | J513: -104.94132 | T513: Sweep net | W513: CBAY0055
A514: =IF(ISBLANK('Voucher Info'!A514),"",'Voucher Info'!A514) -> KBIMP-_006_D1 | B514: O. Colman | C514: 45506 | D514: Canada | E514: Nunavut | F514: Kitikmeot | H514: Freshwater river | I514: 69.14312 | J514: -104.94132 | T514: Sweep net | W514: CBAY0055
A515: =IF(ISBLANK('Voucher Info'!A515),"",'Voucher Info'!A515) -> KBIMP-_006_D2 | B515: O. Colman | C515: 45506 | D515: Canada | E515: Nunavut | F515: Kitikmeot | H515: Freshwater river | I515: 69.14312 | J515: -104.94132 | T515: Sweep net | W515: CBAY0055
A516: =IF(ISBLANK('Voucher Info'!A516),"",'Voucher Info'!A516) -> KBIMP-_006_D3 | B516: O. Colman | C516: 45506 | D516: Canada | E516: Nunavut | F516: Kitikmeot | H516: Freshwater river | I516: 69.14312 | J516: -104.94132 | T516: Sweep net | W516: CBAY0055
A517: =IF(ISBLANK('Voucher Info'!A517),"",'Voucher Info'!A517) -> KBIMP-_006_D4 | B517: O. Colman | C517: 45506 | D517: Canada | E517: Nunavut | F517: Kitikmeot | H517: Freshwater river | I517: 69.14312 | J517: -104.94132 | T517: Sweep net | W517: CBAY0055
A518: =IF(ISBLANK('Voucher Info'!A518),"",'Voucher Info'!A518) -> KBIMP-_006_D5 | B518: O. Colman | C518: 45506 | D518: Canada | E518: Nunavut | F518: Kitikmeot | H518: Freshwater river | I518: 69.14312 | J518: -104.94132 | T518: Sweep net | W518: CBAY0055
A519: =IF(ISBLANK('Voucher Info'!A519),"",'Voucher Info'!A519) -> KBIMP-_006_D6 | B519: O. Colman | C519: 45506 | D519: Canada | E519: Nunavut | F519: Kitikmeot | H519: Freshwater river | I519: 69.14312 | J519: -104.94132 | T519: Sweep net | W519: CBAY0055
A520: =IF(ISBLANK('Voucher Info'!A520),"",'Voucher Info'!A520) -> KBIMP-_006_D7 | B520: O. Colman | C520: July 28 2024 | D520: Canada | E520: Nunavut | F520: Kitikmeot | H520: DEW Line Rd | I520: 69.11926 | J520: -105.12743 | T520: Sweep net | W520: CBAY0032
...
